deceleration0,deceleration1,deceleration2,deceleration3,deceleration4,deceleration5,deceleration6,deceleration7,deceleration8,deceleration9,deceleration10,deceleration11,deceleration12,deceleration13,deceleration14,deceleration15,deceleration16,deceleration17,deceleration18,deceleration19,time0,time1,time2,time3,time4,time5,time6,time7,time8,time9,time10,time11,time12,time13,time14,time15,time16,time17,time18,time19,weight0,weight1,weight2,weight3,weight4,weight5,weight6,weight7,weight8,weight9,weight10,weight11,weight12,weight13,weight14,weight15,weight16,weight17,weight18,weight19,life_expectancy_now
5.7377885676386775,6.560047171431664,0.8278110782704248,2.0812829049332957,2.3423965350720697,2.934655628010255,2.951232259213408,3.949244962629249,3.258822544206017,2.6471906243719774,1.5614196140444232,2.6103406466799415,1.496106856824652,1.2533578546460187,1.979180795248851,2.584874088741267,1.2798668359715404,0.8624669534793635,3.363748278920378,0.8443733160045497,51.43047605803574,45.30785793443681,81.56850573276036,70.09607218967366,59.10853998992231,81.38304117807523,56.19961559638163,77.3980107874803,48.127677091373776,61.36133174043092,107.90129615422566,75.77635245213239,81.4930478297014,75.72445378128377,75.05113157294657,81.07132476059827,87.60238617639948,109.23262447131086,57.12150040708107,89.52192859820894,5713.809647987037,5713.809647987037,5713.809647987037,5713.809647987037,5713.809647987037,5713.809647987037,5713.809647987037,5713.809647987037,5713.809647987037,5713.809647987037,5713.809647987037,5713.809647987037,5713.809647987037,5713.809647987037,5713.809647987037,5713.809647987037,5713.809647987037,5713.809647987037,5713.809647987037,5713.809647987037,100.0
